TrxID,Amount,Type,TransactionTime
SYS000001,74.722,CREDIT,2024-05-02T02:11:46
SYS000002,15.352,DEBIT,2024-04-01T02:11:46
SYS000003,36.022,DEBIT,2024-09-01T02:11:46
SYS000004,10.257,DEBIT,2025-02-01T02:11:46
SYS000005,89.426,CREDIT,2025-03-04T02:11:46
SYS000006,19.647,DEBIT,2025-01-01T02:11:46
SYS000007,90.065,DEBIT,2025-02-05T02:11:46
SYS000008,97.839,CREDIT,2024-12-01T02:11:46
SYS000009,52.437,CREDIT,2024-05-07T02:11:46
SYS000010,52.586,CREDIT,2024-04-06T02:11:46
SYS000011,95.274,CREDIT,2024-05-06T02:11:46
SYS000012,91.804,CREDIT,2024-12-01T02:11:46
SYS000013,21.294,DEBIT,2025-02-10T02:11:46
SYS000014,37.161,DEBIT,2024-07-09T02:11:46
SYS000015,88.756,DEBIT,2024-11-04T02:11:46
SYS000016,14.776,CREDIT,2024-09-06T02:11:46
SYS000017,13.267,CREDIT,2024-05-04T02:11:46
SYS000018,18.750,DEBIT,2024-12-05T02:11:46
SYS000019,16.742,DEBIT,2024-04-06T02:11:46
SYS000020,80.290,CREDIT,2024-11-06T02:11:46
SYS000021,97.386,CREDIT,2024-05-07T02:11:46
SYS000022,42.763,DEBIT,2024-12-10T02:11:46
SYS000023,78.969,DEBIT,2024-04-10T02:11:46
SYS000024,87.359,CREDIT,2024-12-03T02:11:46
SYS000025,52.905,CREDIT,2025-03-06T02:11:46
SYS000026,76.774,DEBIT,2024-11-04T02:11:46
SYS000027,90.570,CREDIT,2025-02-05T02:11:46
SYS000028,90.640,DEBIT,2025-01-02T02:11:46
SYS000029,34.638,DEBIT,2025-03-07T02:11:46
SYS000030,9.472,DEBIT,2024-10-03T02:11:46
SYS000031,30.020,DEBIT,2024-10-05T02:11:46
SYS000032,10.613,DEBIT,2025-01-05T02:11:46
SYS000033,40.888,CREDIT,2024-08-10T02:11:46
SYS000034,56.492,CREDIT,2024-08-02T02:11:46
SYS000035,6.377,DEBIT,2024-04-04T02:11:46
SYS000036,13.508,CREDIT,2025-03-05T02:11:46
SYS000037,64.204,CREDIT,2024-09-04T02:11:46
SYS000038,68.238,DEBIT,2025-03-08T02:11:46
SYS000039,76.873,CREDIT,2024-04-10T02:11:46
SYS000040,3.395,CREDIT,2024-06-04T02:11:46
SYS000041,18.803,DEBIT,2024-12-01T02:11:46
SYS000042,89.820,DEBIT,2024-08-07T02:11:46
SYS000043,0.098,CREDIT,2024-11-08T02:11:46
SYS000044,89.126,DEBIT,2024-11-03T02:11:46
SYS000045,99.848,CREDIT,2024-07-01T02:11:46
SYS000046,70.875,CREDIT,2025-03-08T02:11:46
SYS000047,29.772,DEBIT,2024-09-05T02:11:46
SYS000048,89.919,DEBIT,2024-08-02T02:11:46
SYS000049,95.006,CREDIT,2024-07-01T02:11:46
SYS000050,74.428,CREDIT,2024-12-03T02:11:46
SYS000051,54.055,DEBIT,2024-08-07T02:11:46
SYS000052,94.235,DEBIT,2024-10-03T02:11:46
SYS000053,70.437,DEBIT,2024-11-09T02:11:46
SYS000054,36.990,DEBIT,2025-01-06T02:11:46
SYS000055,43.362,CREDIT,2024-09-03T02:11:46
SYS000056,7.497,DEBIT,2024-08-07T02:11:46
SYS000057,25.380,CREDIT,2024-09-04T02:11:46
SYS000058,34.299,CREDIT,2024-07-06T02:11:46
SYS000059,87.570,DEBIT,2024-09-05T02:11:46
SYS000060,68.787,CREDIT,2024-04-07T02:11:46
SYS000061,41.111,CREDIT,2024-12-03T02:11:46
SYS000062,15.844,DEBIT,2024-07-01T02:11:46
SYS000063,62.192,CREDIT,2024-05-04T02:11:46
SYS000064,35.889,CREDIT,2024-05-10T02:11:46
SYS000065,33.521,CREDIT,2024-04-07T02:11:46
SYS000066,41.541,DEBIT,2025-01-07T02:11:46
SYS000067,62.350,CREDIT,2024-08-02T02:11:46
SYS000068,73.719,DEBIT,2025-01-08T02:11:46
SYS000069,0.283,DEBIT,2025-02-01T02:11:46
SYS000070,25.667,CREDIT,2024-12-10T02:11:46
SYS000071,83.491,DEBIT,2025-01-04T02:11:46
SYS000072,62.378,CREDIT,2025-03-06T02:11:46
SYS000073,62.750,DEBIT,2024-12-03T02:11:46
SYS000074,16.428,DEBIT,2025-02-05T02:11:46
SYS000075,80.017,DEBIT,2024-05-07T02:11:46
SYS000076,6.075,DEBIT,2024-12-04T02:11:46
SYS000077,98.544,DEBIT,2025-02-01T02:11:46
SYS000078,48.539,CREDIT,2024-07-01T02:11:46
SYS000079,29.768,CREDIT,2024-04-05T02:11:46
SYS000080,61.598,DEBIT,2024-04-10T02:11:46
SYS000081,48.041,CREDIT,2024-05-09T02:11:46
SYS000082,39.198,DEBIT,2025-03-04T02:11:46
SYS000083,0.595,DEBIT,2025-01-07T02:11:46
SYS000084,63.717,CREDIT,2025-02-05T02:11:46
SYS000085,30.658,DEBIT,2025-02-10T02:11:46
SYS000086,14.089,DEBIT,2024-11-08T02:11:46
SYS000087,23.559,CREDIT,2024-09-09T02:11:46
SYS000088,63.115,DEBIT,2024-11-08T02:11:46
SYS000089,92.107,DEBIT,2024-12-01T02:11:46
SYS000090,89.112,DEBIT,2025-02-10T02:11:46
SYS000091,4.910,CREDIT,2024-11-10T02:11:46
SYS000092,66.525,CREDIT,2025-01-07T02:11:46
SYS000093,61.711,DEBIT,2025-01-03T02:11:46
SYS000094,57.534,DEBIT,2024-06-07T02:11:46
SYS000095,2.193,DEBIT,2024-04-08T02:11:46
SYS000096,13.227,CREDIT,2024-12-05T02:11:46
SYS000097,48.458,DEBIT,2024-05-02T02:11:46
SYS000098,77.438,CREDIT,2024-10-10T02:11:46
SYS000099,47.793,CREDIT,2024-12-08T02:11:46
SYS000100,55.774,DEBIT,2025-01-01T02:11:46
SYS000101,79.615,CREDIT,2025-02-06T02:11:46
SYS000102,93.438,CREDIT,2024-10-07T02:11:46
SYS000103,67.388,CREDIT,2025-03-09T02:11:46
SYS000104,23.217,CREDIT,2024-05-06T02:11:46
SYS000105,27.238,CREDIT,2024-12-07T02:11:46
SYS000106,31.363,CREDIT,2024-11-06T02:11:46
SYS000107,37.035,CREDIT,2024-07-03T02:11:46
SYS000108,61.792,DEBIT,2024-05-08T02:11:46
SYS000109,0.253,DEBIT,2024-11-08T02:11:46
SYS000110,34.190,CREDIT,2024-05-01T02:11:46
SYS000111,3.761,CREDIT,2025-01-08T02:11:46
SYS000112,79.938,CREDIT,2025-03-07T02:11:46
SYS000113,86.081,CREDIT,2024-05-08T02:11:46
SYS000114,92.118,DEBIT,2024-07-05T02:11:46
SYS000115,33.902,CREDIT,2025-03-06T02:11:46
SYS000116,71.766,DEBIT,2024-05-10T02:11:46
SYS000117,17.486,CREDIT,2025-01-03T02:11:46
SYS000118,65.624,CREDIT,2024-04-06T02:11:46
SYS000119,96.579,DEBIT,2025-03-01T02:11:46
SYS000120,98.787,DEBIT,2025-03-07T02:11:46
SYS000121,14.463,CREDIT,2024-10-04T02:11:46
SYS000122,92.516,DEBIT,2024-04-09T02:11:46
SYS000123,77.415,DEBIT,2024-07-04T02:11:46
SYS000124,71.643,DEBIT,2024-07-04T02:11:46
SYS000125,1.775,CREDIT,2024-05-09T02:11:46
SYS000126,59.480,DEBIT,2024-07-01T02:11:46
SYS000127,2.995,CREDIT,2024-08-04T02:11:46
SYS000128,69.473,CREDIT,2024-12-01T02:11:46
SYS000129,13.270,DEBIT,2024-09-04T02:11:46
SYS000130,95.516,CREDIT,2024-07-04T02:11:46
SYS000131,0.530,DEBIT,2024-08-02T02:11:46
SYS000132,42.717,DEBIT,2024-06-06T02:11:46
SYS000133,37.697,CREDIT,2025-03-02T02:11:46
SYS000134,38.975,DEBIT,2024-12-08T02:11:46
SYS000135,27.767,CREDIT,2024-12-05T02:11:46
SYS000136,54.032,CREDIT,2024-07-06T02:11:46
SYS000137,23.042,CREDIT,2024-08-07T02:11:46
SYS000138,46.059,CREDIT,2024-09-05T02:11:46
SYS000139,69.072,DEBIT,2024-05-10T02:11:46
SYS000140,71.261,CREDIT,2024-09-05T02:11:46
SYS000141,0.136,DEBIT,2024-10-05T02:11:46
SYS000142,33.576,CREDIT,2024-04-06T02:11:46
SYS000143,57.866,DEBIT,2024-11-06T02:11:46
SYS000144,12.095,CREDIT,2025-03-06T02:11:46
SYS000145,78.013,DEBIT,2024-05-02T02:11:46
SYS000146,77.566,DEBIT,2024-11-01T02:11:46
SYS000147,11.616,CREDIT,2024-11-01T02:11:46
SYS000148,14.360,DEBIT,2025-02-07T02:11:46
SYS000149,21.346,DEBIT,2024-05-05T02:11:46
SYS000150,63.474,CREDIT,2024-08-05T02:11:46
SYS000151,15.433,DEBIT,2024-10-08T02:11:46
SYS000152,33.044,CREDIT,2024-05-03T02:11:46
SYS000153,68.683,CREDIT,2024-09-09T02:11:46
SYS000154,83.825,DEBIT,2024-05-10T02:11:46
SYS000155,42.179,CREDIT,2025-02-08T02:11:46
SYS000156,70.681,DEBIT,2024-11-04T02:11:46
SYS000157,70.914,CREDIT,2024-05-10T02:11:46
SYS000158,31.103,DEBIT,2024-05-04T02:11:46
SYS000159,72.071,DEBIT,2024-09-03T02:11:46
SYS000160,19.210,DEBIT,2024-04-05T02:11:46
SYS000161,90.556,DEBIT,2024-10-05T02:11:46
SYS000162,94.419,CREDIT,2024-04-04T02:11:46
SYS000163,28.026,DEBIT,2024-05-02T02:11:46
SYS000164,95.579,CREDIT,2024-12-01T02:11:46
SYS000165,60.160,CREDIT,2024-09-09T02:11:46
SYS000166,43.487,CREDIT,2024-08-10T02:11:46
SYS000167,76.400,CREDIT,2025-01-10T02:11:46
SYS000168,90.106,DEBIT,2024-08-07T02:11:46
SYS000169,97.433,CREDIT,2025-01-09T02:11:46
SYS000170,4.723,DEBIT,2024-07-10T02:11:46
SYS000171,75.219,DEBIT,2024-05-02T02:11:46
SYS000172,97.864,DEBIT,2024-10-08T02:11:46
SYS000173,72.977,DEBIT,2025-01-10T02:11:46
SYS000174,88.091,DEBIT,2024-06-10T02:11:46
SYS000175,56.851,DEBIT,2024-09-02T02:11:46
SYS000176,83.342,DEBIT,2024-12-03T02:11:46
SYS000177,37.918,CREDIT,2024-10-04T02:11:46
SYS000178,95.879,CREDIT,2025-01-01T02:11:46
SYS000179,0.024,DEBIT,2024-09-08T02:11:46
SYS000180,72.983,DEBIT,2025-02-09T02:11:46
SYS000181,93.415,DEBIT,2025-01-08T02:11:46
SYS000182,82.116,CREDIT,2024-07-01T02:11:46
SYS000183,94.650,CREDIT,2024-12-04T02:11:46
SYS000184,45.731,DEBIT,2024-08-05T02:11:46
SYS000185,37.649,DEBIT,2024-08-05T02:11:46
SYS000186,2.284,CREDIT,2024-08-04T02:11:46
SYS000187,12.180,DEBIT,2024-11-08T02:11:46
SYS000188,67.623,DEBIT,2025-02-01T02:11:46
SYS000189,7.603,DEBIT,2025-01-09T02:11:46
SYS000190,90.084,DEBIT,2024-08-09T02:11:46
SYS000191,13.458,DEBIT,2025-03-09T02:11:46
SYS000192,9.070,DEBIT,2025-02-03T02:11:46
SYS000193,31.576,CREDIT,2024-04-09T02:11:46
SYS000194,16.818,CREDIT,2024-09-10T02:11:46
SYS000195,68.368,DEBIT,2025-03-07T02:11:46
SYS000196,30.398,CREDIT,2024-08-04T02:11:46
SYS000197,18.947,CREDIT,2024-08-05T02:11:46
SYS000198,35.779,CREDIT,2025-02-02T02:11:46
SYS000199,66.050,CREDIT,2025-01-08T02:11:46
SYS000200,38.982,CREDIT,2024-05-02T02:11:46
SYS000201,39.195,CREDIT,2025-03-02T02:11:46
SYS000202,94.805,DEBIT,2024-11-07T02:11:46
SYS000203,15.558,CREDIT,2025-02-02T02:11:46
SYS000204,44.829,CREDIT,2024-06-09T02:11:46
SYS000205,78.982,DEBIT,2024-05-05T02:11:46
SYS000206,55.934,CREDIT,2024-07-06T02:11:46
SYS000207,63.238,CREDIT,2024-06-10T02:11:46
SYS000208,47.199,CREDIT,2024-05-08T02:11:46
SYS000209,93.592,DEBIT,2024-12-01T02:11:46
SYS000210,59.020,CREDIT,2024-07-09T02:11:46
SYS000211,29.145,CREDIT,2025-02-09T02:11:46
SYS000212,92.758,CREDIT,2024-05-05T02:11:46
SYS000213,8.100,DEBIT,2024-09-05T02:11:46
SYS000214,25.030,DEBIT,2024-06-03T02:11:46
SYS000215,95.277,DEBIT,2024-12-01T02:11:46
SYS000216,84.488,DEBIT,2024-07-03T02:11:46
SYS000217,18.162,DEBIT,2024-11-06T02:11:46
SYS000218,10.670,DEBIT,2025-02-10T02:11:46
SYS000219,83.399,DEBIT,2025-03-10T02:11:46
SYS000220,79.145,DEBIT,2024-11-02T02:11:46
SYS000221,56.217,DEBIT,2024-12-01T02:11:46
SYS000222,96.707,DEBIT,2024-07-09T02:11:46
SYS000223,73.317,DEBIT,2024-08-03T02:11:46
SYS000224,6.961,DEBIT,2025-03-09T02:11:46
SYS000225,23.436,DEBIT,2024-11-07T02:11:46
SYS000226,75.117,DEBIT,2025-03-06T02:11:46
SYS000227,84.066,CREDIT,2024-04-07T02:11:46
SYS000228,58.217,CREDIT,2025-03-07T02:11:46
SYS000229,20.103,CREDIT,2025-01-08T02:11:46
SYS000230,27.015,CREDIT,2024-04-06T02:11:46
SYS000231,36.174,DEBIT,2024-05-07T02:11:46
SYS000232,81.158,CREDIT,2024-12-02T02:11:46
SYS000233,42.306,CREDIT,2024-06-02T02:11:46
SYS000234,64.416,CREDIT,2024-08-09T02:11:46
SYS000235,2.378,DEBIT,2025-03-03T02:11:46
SYS000236,70.155,CREDIT,2025-02-01T02:11:46
SYS000237,76.930,CREDIT,2024-07-01T02:11:46
SYS000238,67.794,DEBIT,2025-02-07T02:11:46
SYS000239,15.549,CREDIT,2024-12-05T02:11:46
SYS000240,1.942,DEBIT,2024-04-08T02:11:46
SYS000241,31.801,CREDIT,2024-10-01T02:11:46
SYS000242,42.152,DEBIT,2024-10-06T02:11:46
SYS000243,64.719,DEBIT,2025-02-05T02:11:46
SYS000244,50.698,DEBIT,2024-05-07T02:11:46
SYS000245,96.108,CREDIT,2024-05-04T02:11:46
SYS000246,40.515,DEBIT,2024-08-07T02:11:46
SYS000247,22.687,DEBIT,2024-11-02T02:11:46
SYS000248,28.732,DEBIT,2025-02-02T02:11:46
SYS000249,4.529,DEBIT,2024-12-03T02:11:46
SYS000250,36.198,CREDIT,2025-02-09T02:11:46
SYS000251,95.363,DEBIT,2024-07-08T02:11:46
SYS000252,4.144,CREDIT,2025-02-01T02:11:46
SYS000253,24.207,CREDIT,2024-04-02T02:11:46
SYS000254,13.860,CREDIT,2024-08-06T02:11:46
SYS000255,62.257,CREDIT,2024-06-01T02:11:46
SYS000256,41.308,DEBIT,2024-10-06T02:11:46
SYS000257,59.855,CREDIT,2024-06-09T02:11:46
SYS000258,19.065,DEBIT,2025-01-02T02:11:46
SYS000259,77.192,DEBIT,2024-07-06T02:11:46
SYS000260,54.141,CREDIT,2024-06-01T02:11:46
SYS000261,3.405,DEBIT,2024-07-02T02:11:46
SYS000262,60.183,DEBIT,2025-02-07T02:11:46
SYS000263,81.415,CREDIT,2024-06-05T02:11:46
SYS000264,36.690,DEBIT,2024-10-08T02:11:46
SYS000265,65.424,DEBIT,2024-06-03T02:11:46
SYS000266,64.912,CREDIT,2024-04-10T02:11:46
SYS000267,38.442,DEBIT,2025-02-10T02:11:46
SYS000268,34.107,DEBIT,2024-06-06T02:11:46
SYS000269,45.978,DEBIT,2024-12-08T02:11:46
SYS000270,78.031,DEBIT,2024-08-04T02:11:46
SYS000271,63.202,CREDIT,2024-04-01T02:11:46
SYS000272,25.837,CREDIT,2024-06-04T02:11:46
SYS000273,76.538,CREDIT,2024-08-07T02:11:46
SYS000274,94.766,DEBIT,2024-07-10T02:11:46
SYS000275,67.129,CREDIT,2024-10-06T02:11:46
SYS000276,72.732,CREDIT,2024-12-02T02:11:46
SYS000277,35.159,CREDIT,2024-05-09T02:11:46
SYS000278,31.477,CREDIT,2024-06-04T02:11:46
SYS000279,49.834,CREDIT,2025-02-06T02:11:46
SYS000280,61.762,CREDIT,2024-04-03T02:11:46
SYS000281,25.026,CREDIT,2024-10-08T02:11:46
SYS000282,39.806,DEBIT,2024-05-01T02:11:46
SYS000283,6.519,CREDIT,2024-07-03T02:11:46
SYS000284,61.153,CREDIT,2024-05-07T02:11:46
SYS000285,35.143,DEBIT,2024-04-01T02:11:46
SYS000286,23.916,DEBIT,2025-03-04T02:11:46
SYS000287,75.088,DEBIT,2025-03-07T02:11:46
SYS000288,91.796,DEBIT,2024-04-03T02:11:46
SYS000289,20.579,DEBIT,2025-02-07T02:11:46
SYS000290,91.361,DEBIT,2025-03-10T02:11:46
SYS000291,66.917,CREDIT,2024-10-07T02:11:46
SYS000292,58.436,DEBIT,2024-07-04T02:11:46
SYS000293,36.951,DEBIT,2025-02-10T02:11:46
SYS000294,35.587,CREDIT,2024-08-06T02:11:46
SYS000295,69.830,DEBIT,2024-04-10T02:11:46
SYS000296,25.449,CREDIT,2025-03-04T02:11:46
SYS000297,86.315,DEBIT,2024-10-07T02:11:46
SYS000298,68.885,CREDIT,2024-09-09T02:11:46
SYS000299,79.620,CREDIT,2024-09-09T02:11:46
SYS000300,97.843,CREDIT,2025-03-06T02:11:46
SYS000301,41.217,CREDIT,2024-12-09T02:11:46
SYS000302,89.323,CREDIT,2025-02-02T02:11:46
SYS000303,63.323,DEBIT,2024-07-06T02:11:46
SYS000304,96.568,DEBIT,2024-12-08T02:11:46
SYS000305,46.088,DEBIT,2024-09-03T02:11:46
SYS000306,91.872,DEBIT,2024-11-03T02:11:46
SYS000307,85.145,CREDIT,2024-12-09T02:11:46
SYS000308,62.726,CREDIT,2024-06-02T02:11:46
SYS000309,10.292,CREDIT,2024-12-03T02:11:46
SYS000310,71.526,CREDIT,2024-11-06T02:11:46
SYS000311,82.308,DEBIT,2024-10-03T02:11:46
SYS000312,28.087,CREDIT,2024-06-03T02:11:46
SYS000313,1.933,DEBIT,2024-06-02T02:11:46
SYS000314,91.792,DEBIT,2024-04-06T02:11:46
SYS000315,49.126,DEBIT,2025-02-10T02:11:46
SYS000316,5.591,CREDIT,2024-06-06T02:11:46
SYS000317,14.521,CREDIT,2025-02-07T02:11:46
SYS000318,90.956,CREDIT,2024-07-10T02:11:46
SYS000319,9.252,CREDIT,2025-03-08T02:11:46
SYS000320,82.653,DEBIT,2025-02-01T02:11:46
SYS000321,46.363,DEBIT,2025-02-08T02:11:46
SYS000322,87.094,CREDIT,2025-01-04T02:11:46
SYS000323,29.172,DEBIT,2024-09-09T02:11:46
SYS000324,91.723,CREDIT,2024-09-09T02:11:46
SYS000325,87.778,CREDIT,2024-11-08T02:11:46
SYS000326,80.981,DEBIT,2024-06-06T02:11:46
SYS000327,64.306,CREDIT,2025-03-07T02:11:46
SYS000328,27.198,CREDIT,2024-08-08T02:11:46
SYS000329,34.110,CREDIT,2024-06-09T02:11:46
SYS000330,39.162,CREDIT,2025-02-06T02:11:46
SYS000331,76.901,CREDIT,2024-10-01T02:11:46
SYS000332,84.125,CREDIT,2025-03-09T02:11:46
SYS000333,23.719,CREDIT,2024-11-03T02:11:46
SYS000334,72.913,DEBIT,2024-07-02T02:11:46
SYS000335,75.862,CREDIT,2025-01-01T02:11:46
SYS000336,66.673,DEBIT,2024-11-10T02:11:46
SYS000337,14.649,CREDIT,2024-06-09T02:11:46
SYS000338,16.957,CREDIT,2024-06-02T02:11:46
SYS000339,39.689,DEBIT,2024-09-02T02:11:46
SYS000340,84.796,CREDIT,2024-12-09T02:11:46
SYS000341,12.202,DEBIT,2024-06-08T02:11:46
SYS000342,5.122,CREDIT,2025-01-01T02:11:46
SYS000343,58.407,DEBIT,2024-04-02T02:11:46
SYS000344,6.922,CREDIT,2024-07-07T02:11:46
SYS000345,49.360,DEBIT,2025-01-10T02:11:46
SYS000346,7.763,DEBIT,2024-08-07T02:11:46
SYS000347,55.307,DEBIT,2025-01-10T02:11:46
SYS000348,2.889,DEBIT,2024-10-03T02:11:46
SYS000349,35.233,CREDIT,2024-09-03T02:11:46
SYS000350,7.512,DEBIT,2024-09-01T02:11:46
SYS000351,50.544,CREDIT,2024-05-06T02:11:46
SYS000352,37.671,DEBIT,2024-05-08T02:11:46
SYS000353,94.595,DEBIT,2024-09-06T02:11:46
SYS000354,67.370,CREDIT,2024-12-07T02:11:46
SYS000355,69.933,DEBIT,2024-08-01T02:11:46
SYS000356,52.125,DEBIT,2024-07-08T02:11:46
SYS000357,60.931,CREDIT,2024-11-01T02:11:46
SYS000358,15.588,DEBIT,2024-04-01T02:11:46
SYS000359,65.781,DEBIT,2025-02-02T02:11:46
SYS000360,90.986,CREDIT,2024-07-02T02:11:46
SYS000361,66.086,CREDIT,2024-09-02T02:11:46
SYS000362,27.684,CREDIT,2024-05-05T02:11:46
SYS000363,27.824,CREDIT,2024-06-09T02:11:46
SYS000364,73.536,CREDIT,2024-08-01T02:11:46
SYS000365,53.076,CREDIT,2025-02-10T02:11:46
SYS000366,47.006,DEBIT,2024-04-02T02:11:46
SYS000367,72.157,DEBIT,2025-03-03T02:11:46
SYS000368,71.366,DEBIT,2024-09-02T02:11:46
SYS000369,33.191,DEBIT,2025-03-02T02:11:46
SYS000370,25.166,DEBIT,2024-10-07T02:11:46
SYS000371,80.813,CREDIT,2025-03-05T02:11:46
SYS000372,91.208,CREDIT,2025-03-05T02:11:46
SYS000373,93.332,DEBIT,2024-04-09T02:11:46
SYS000374,37.798,DEBIT,2024-12-08T02:11:46
SYS000375,85.352,CREDIT,2024-05-09T02:11:46
SYS000376,33.958,DEBIT,2024-08-03T02:11:46
SYS000377,55.900,CREDIT,2024-10-03T02:11:46
SYS000378,56.064,CREDIT,2024-06-01T02:11:46
SYS000379,35.475,CREDIT,2025-01-03T02:11:46
SYS000380,45.624,DEBIT,2024-07-04T02:11:46
SYS000381,23.052,DEBIT,2025-03-09T02:11:46
SYS000382,93.454,DEBIT,2024-11-02T02:11:46
SYS000383,59.719,CREDIT,2025-02-09T02:11:46
SYS000384,82.716,CREDIT,2025-03-09T02:11:46
SYS000385,8.313,CREDIT,2024-05-04T02:11:46
SYS000386,27.708,DEBIT,2024-04-09T02:11:46
SYS000387,36.666,DEBIT,2024-04-07T02:11:46
SYS000388,19.665,DEBIT,2025-03-10T02:11:46
SYS000389,82.097,DEBIT,2024-11-06T02:11:46
SYS000390,38.621,CREDIT,2024-05-01T02:11:46
SYS000391,50.715,CREDIT,2024-12-03T02:11:46
SYS000392,33.166,CREDIT,2024-07-02T02:11:46
SYS000393,33.590,CREDIT,2024-12-05T02:11:46
SYS000394,88.550,CREDIT,2024-11-06T02:11:46
SYS000395,64.501,CREDIT,2024-11-06T02:11:46
SYS000396,33.534,CREDIT,2024-07-01T02:11:46
SYS000397,11.068,CREDIT,2024-04-04T02:11:46
SYS000398,51.491,CREDIT,2024-12-07T02:11:46
SYS000399,60.436,DEBIT,2025-02-05T02:11:46
SYS000400,41.315,DEBIT,2024-06-01T02:11:46
SYS000401,72.147,CREDIT,2024-07-10T02:11:46
SYS000402,23.275,DEBIT,2024-04-01T02:11:46
SYS000403,14.279,DEBIT,2024-05-02T02:11:46
SYS000404,15.762,CREDIT,2025-01-08T02:11:46
SYS000405,3.519,DEBIT,2024-05-10T02:11:46
SYS000406,67.829,DEBIT,2025-01-10T02:11:46
SYS000407,42.626,DEBIT,2024-05-04T02:11:46
SYS000408,17.146,DEBIT,2024-10-06T02:11:46
SYS000409,75.354,CREDIT,2024-06-07T02:11:46
SYS000410,35.778,CREDIT,2024-10-08T02:11:46
SYS000411,68.192,DEBIT,2024-04-06T02:11:46
SYS000412,19.235,CREDIT,2024-09-01T02:11:46
SYS000413,39.978,DEBIT,2024-06-07T02:11:46
SYS000414,19.916,DEBIT,2024-06-08T02:11:46
SYS000415,65.823,DEBIT,2024-11-06T02:11:46
SYS000416,41.220,CREDIT,2024-11-07T02:11:46
SYS000417,14.827,DEBIT,2024-08-02T02:11:46
SYS000418,48.360,DEBIT,2024-06-10T02:11:46
SYS000419,59.690,DEBIT,2024-10-05T02:11:46
SYS000420,36.808,DEBIT,2025-03-06T02:11:46
SYS000421,80.151,CREDIT,2025-02-10T02:11:46
SYS000422,16.130,CREDIT,2025-03-07T02:11:46
SYS000423,54.190,CREDIT,2024-07-04T02:11:46
SYS000424,64.217,CREDIT,2024-05-07T02:11:46
SYS000425,38.652,CREDIT,2024-07-04T02:11:46
SYS000426,66.958,CREDIT,2024-07-08T02:11:46
SYS000427,34.335,DEBIT,2024-07-04T02:11:46
SYS000428,89.913,DEBIT,2024-08-08T02:11:46
SYS000429,86.135,DEBIT,2024-10-02T02:11:46
SYS000430,85.322,DEBIT,2025-01-05T02:11:46
SYS000431,41.196,CREDIT,2024-04-03T02:11:46
SYS000432,48.167,DEBIT,2024-12-10T02:11:46
SYS000433,75.568,DEBIT,2024-04-08T02:11:46
SYS000434,38.529,CREDIT,2024-05-01T02:11:46
SYS000435,83.165,DEBIT,2025-03-03T02:11:46
SYS000436,66.968,DEBIT,2025-03-07T02:11:46
SYS000437,40.616,CREDIT,2024-11-05T02:11:46
SYS000438,88.042,DEBIT,2025-01-08T02:11:46
SYS000439,67.111,DEBIT,2024-05-06T02:11:46
SYS000440,41.438,CREDIT,2025-03-01T02:11:46
SYS000441,49.272,DEBIT,2024-09-07T02:11:46
SYS000442,86.831,DEBIT,2024-08-10T02:11:46
SYS000443,8.132,DEBIT,2024-11-10T02:11:46
SYS000444,96.166,CREDIT,2025-01-04T02:11:46
SYS000445,83.150,DEBIT,2024-12-08T02:11:46
SYS000446,92.824,CREDIT,2024-06-07T02:11:46
SYS000447,95.105,CREDIT,2024-05-05T02:11:46
SYS000448,74.101,CREDIT,2025-01-01T02:11:46
SYS000449,54.464,DEBIT,2024-04-05T02:11:46
SYS000450,97.712,CREDIT,2024-05-02T02:11:46
SYS000451,52.040,CREDIT,2024-06-03T02:11:46
SYS000452,98.983,DEBIT,2024-06-06T02:11:46
SYS000453,81.303,DEBIT,2024-08-02T02:11:46
SYS000454,48.126,CREDIT,2024-06-01T02:11:46
SYS000455,41.526,DEBIT,2024-07-05T02:11:46
SYS000456,32.453,DEBIT,2025-03-08T02:11:46
SYS000457,58.951,DEBIT,2024-10-09T02:11:46
SYS000458,34.174,CREDIT,2024-06-04T02:11:46
SYS000459,41.927,CREDIT,2025-02-10T02:11:46
SYS000460,71.348,DEBIT,2024-09-10T02:11:46
SYS000461,74.659,CREDIT,2025-03-03T02:11:46
SYS000462,58.073,DEBIT,2024-11-01T02:11:46
SYS000463,21.792,CREDIT,2024-10-08T02:11:46
SYS000464,36.113,DEBIT,2024-07-03T02:11:46
SYS000465,27.568,DEBIT,2024-12-01T02:11:46
SYS000466,42.872,DEBIT,2025-03-05T02:11:46
SYS000467,69.266,CREDIT,2024-11-08T02:11:46
SYS000468,67.502,CREDIT,2024-08-01T02:11:46
SYS000469,94.557,DEBIT,2024-08-04T02:11:46
SYS000470,97.833,CREDIT,2024-05-01T02:11:46
SYS000471,19.925,DEBIT,2024-07-02T02:11:46
SYS000472,0.985,DEBIT,2024-06-09T02:11:46
SYS000473,28.946,CREDIT,2024-08-09T02:11:46
SYS000474,84.016,CREDIT,2025-02-02T02:11:46
SYS000475,77.036,CREDIT,2025-03-01T02:11:46
SYS000476,57.345,DEBIT,2024-05-04T02:11:46
SYS000477,28.515,DEBIT,2024-04-09T02:11:46
SYS000478,1.898,CREDIT,2025-02-09T02:11:46
SYS000479,17.751,DEBIT,2024-06-10T02:11:46
SYS000480,80.061,DEBIT,2024-04-04T02:11:46
SYS000481,27.840,CREDIT,2024-04-10T02:11:46
SYS000482,6.174,CREDIT,2024-07-04T02:11:46
SYS000483,42.459,DEBIT,2025-01-03T02:11:46
SYS000484,79.803,CREDIT,2024-06-02T02:11:46
SYS000485,74.039,DEBIT,2025-01-07T02:11:46
SYS000486,68.913,CREDIT,2024-04-05T02:11:46
SYS000487,20.993,CREDIT,2025-01-02T02:11:46
SYS000488,64.524,CREDIT,2024-11-10T02:11:46
SYS000489,85.555,CREDIT,2025-01-09T02:11:46
SYS000490,16.592,DEBIT,2024-10-06T02:11:46
SYS000491,82.483,DEBIT,2025-02-07T02:11:46
SYS000492,98.587,CREDIT,2025-03-06T02:11:46
SYS000493,76.964,CREDIT,2024-08-04T02:11:46
SYS000494,96.728,CREDIT,2024-12-07T02:11:46
SYS000495,0.398,DEBIT,2024-12-04T02:11:46
SYS000496,32.906,CREDIT,2024-12-06T02:11:46
SYS000497,86.425,CREDIT,2025-02-07T02:11:46
SYS000498,21.808,DEBIT,2024-09-09T02:11:46
SYS000499,55.553,DEBIT,2025-03-06T02:11:46
SYS000500,15.723,DEBIT,2024-09-01T02:11:46
SYS000501,87.585,DEBIT,2024-04-06T02:11:46
SYS000502,76.679,CREDIT,2024-12-05T02:11:46
SYS000503,15.187,DEBIT,2024-04-03T02:11:46
SYS000504,13.331,DEBIT,2024-05-01T02:11:46
SYS000505,18.074,CREDIT,2025-01-02T02:11:46
SYS000506,20.768,CREDIT,2024-05-08T02:11:46
SYS000507,64.950,DEBIT,2024-07-03T02:11:46
SYS000508,32.386,CREDIT,2024-09-02T02:11:46
SYS000509,26.741,DEBIT,2024-07-02T02:11:46
SYS000510,37.198,CREDIT,2024-07-05T02:11:46
SYS000511,37.321,DEBIT,2025-02-08T02:11:46
SYS000512,3.414,CREDIT,2024-11-02T02:11:46
SYS000513,50.112,CREDIT,2024-10-08T02:11:46
SYS000514,84.940,DEBIT,2025-03-02T02:11:46
SYS000515,36.122,DEBIT,2024-06-06T02:11:46
SYS000516,84.145,CREDIT,2025-03-02T02:11:46
SYS000517,17.754,DEBIT,2024-04-08T02:11:46
SYS000518,7.118,DEBIT,2024-07-04T02:11:46
SYS000519,14.807,CREDIT,2024-10-04T02:11:46
SYS000520,39.596,DEBIT,2024-09-03T02:11:46
SYS000521,75.533,DEBIT,2025-01-04T02:11:46
SYS000522,65.945,CREDIT,2024-04-09T02:11:46
SYS000523,62.898,DEBIT,2024-06-01T02:11:46
SYS000524,0.027,CREDIT,2024-08-07T02:11:46
SYS000525,10.756,CREDIT,2025-02-10T02:11:46
SYS000526,10.169,CREDIT,2024-12-03T02:11:46
SYS000527,66.357,CREDIT,2024-07-05T02:11:46
SYS000528,9.562,DEBIT,2024-11-05T02:11:46
SYS000529,55.099,DEBIT,2024-11-04T02:11:46
SYS000530,71.845,DEBIT,2025-01-04T02:11:46
SYS000531,89.037,DEBIT,2025-01-05T02:11:46
SYS000532,81.185,DEBIT,2024-07-05T02:11:46
SYS000533,67.826,CREDIT,2024-04-01T02:11:46
SYS000534,29.196,CREDIT,2024-10-06T02:11:46
SYS000535,8.650,CREDIT,2024-10-03T02:11:46
SYS000536,97.786,CREDIT,2024-12-05T02:11:46
SYS000537,25.609,DEBIT,2024-04-04T02:11:46
SYS000538,16.185,DEBIT,2024-04-08T02:11:46
SYS000539,12.501,DEBIT,2024-12-05T02:11:46
SYS000540,47.062,DEBIT,2024-04-07T02:11:46
SYS000541,54.276,DEBIT,2025-02-04T02:11:46
SYS000542,15.963,DEBIT,2024-05-05T02:11:46
SYS000543,57.674,CREDIT,2025-02-08T02:11:46
SYS000544,41.463,DEBIT,2025-03-02T02:11:46
SYS000545,74.654,DEBIT,2025-03-01T02:11:46
SYS000546,68.355,CREDIT,2024-08-02T02:11:46
SYS000547,84.781,CREDIT,2024-05-04T02:11:46
SYS000548,33.084,CREDIT,2024-06-04T02:11:46
SYS000549,26.665,DEBIT,2024-10-09T02:11:46
SYS000550,58.717,DEBIT,2024-06-07T02:11:46
SYS000551,58.237,CREDIT,2025-03-10T02:11:46
SYS000552,63.250,DEBIT,2024-07-10T02:11:46
SYS000553,98.618,CREDIT,2024-12-08T02:11:46
SYS000554,8.618,DEBIT,2024-11-01T02:11:46
SYS000555,20.533,CREDIT,2024-09-01T02:11:46
SYS000556,44.943,CREDIT,2024-12-02T02:11:46
SYS000557,23.793,CREDIT,2024-12-08T02:11:46
SYS000558,19.137,CREDIT,2025-01-01T02:11:46
SYS000559,70.115,CREDIT,2024-12-07T02:11:46
SYS000560,45.136,DEBIT,2025-02-01T02:11:46
SYS000561,99.975,DEBIT,2024-06-06T02:11:46
SYS000562,41.377,CREDIT,2025-03-08T02:11:46
SYS000563,77.474,DEBIT,2025-02-03T02:11:46
SYS000564,59.390,CREDIT,2024-05-03T02:11:46
SYS000565,75.341,DEBIT,2024-09-04T02:11:46
SYS000566,27.292,DEBIT,2025-02-02T02:11:46
SYS000567,42.434,DEBIT,2024-05-02T02:11:46
SYS000568,69.943,DEBIT,2024-12-10T02:11:46
SYS000569,77.684,CREDIT,2024-07-05T02:11:46
SYS000570,71.015,CREDIT,2024-12-08T02:11:46
SYS000571,31.110,DEBIT,2024-05-02T02:11:46
SYS000572,48.670,CREDIT,2025-01-10T02:11:46
SYS000573,83.587,DEBIT,2024-10-05T02:11:46
SYS000574,77.428,DEBIT,2025-03-02T02:11:46
SYS000575,59.110,CREDIT,2025-01-01T02:11:46
SYS000576,95.971,CREDIT,2025-02-08T02:11:46
SYS000577,20.277,DEBIT,2024-12-09T02:11:46
SYS000578,52.277,CREDIT,2024-11-02T02:11:46
SYS000579,31.204,DEBIT,2024-10-03T02:11:46
SYS000580,89.444,DEBIT,2025-03-09T02:11:46
SYS000581,39.015,DEBIT,2024-04-08T02:11:46
SYS000582,24.627,DEBIT,2025-02-01T02:11:46
SYS000583,98.500,DEBIT,2025-02-09T02:11:46
SYS000584,33.283,DEBIT,2024-07-08T02:11:46
SYS000585,50.440,DEBIT,2024-11-07T02:11:46
SYS000586,14.410,DEBIT,2024-05-05T02:11:46
SYS000587,28.880,CREDIT,2024-05-07T02:11:46
SYS000588,81.969,CREDIT,2024-11-09T02:11:46
SYS000589,83.220,CREDIT,2024-05-06T02:11:46
SYS000590,10.878,DEBIT,2024-04-07T02:11:46
SYS000591,97.771,DEBIT,2024-10-07T02:11:46
SYS000592,62.622,DEBIT,2024-07-09T02:11:46
SYS000593,15.911,DEBIT,2025-01-04T02:11:46
SYS000594,29.744,CREDIT,2024-10-07T02:11:46
SYS000595,84.453,CREDIT,2024-05-08T02:11:46
SYS000596,76.731,CREDIT,2025-02-10T02:11:46
SYS000597,21.278,CREDIT,2024-10-03T02:11:46
SYS000598,79.811,DEBIT,2025-02-08T02:11:46
SYS000599,54.382,DEBIT,2024-07-08T02:11:46
SYS000600,18.979,CREDIT,2025-03-04T02:11:46
SYS000601,9.548,CREDIT,2024-05-05T02:11:46
SYS000602,47.439,CREDIT,2025-03-01T02:11:46
SYS000603,31.603,DEBIT,2024-04-09T02:11:46
SYS000604,28.913,CREDIT,2025-01-05T02:11:46
SYS000605,69.164,CREDIT,2024-08-08T02:11:46
SYS000606,35.245,CREDIT,2024-06-02T02:11:46
SYS000607,87.048,DEBIT,2025-02-05T02:11:46
SYS000608,4.208,CREDIT,2024-09-06T02:11:46
SYS000609,82.031,CREDIT,2025-01-06T02:11:46
SYS000610,26.897,DEBIT,2025-02-02T02:11:46
SYS000611,93.519,CREDIT,2025-03-02T02:11:46
SYS000612,42.143,DEBIT,2025-02-07T02:11:46
SYS000613,14.707,DEBIT,2024-11-04T02:11:46
SYS000614,76.130,DEBIT,2024-05-03T02:11:46
SYS000615,6.291,CREDIT,2024-04-06T02:11:46
SYS000616,20.028,DEBIT,2024-07-02T02:11:46
SYS000617,38.799,DEBIT,2025-03-01T02:11:46
SYS000618,24.565,CREDIT,2024-12-09T02:11:46
SYS000619,39.828,DEBIT,2024-09-03T02:11:46
SYS000620,31.684,DEBIT,2025-02-09T02:11:46
SYS000621,71.611,CREDIT,2024-10-06T02:11:46
SYS000622,38.780,DEBIT,2024-11-10T02:11:46
SYS000623,15.128,DEBIT,2024-11-09T02:11:46
SYS000624,23.997,DEBIT,2024-06-05T02:11:46
SYS000625,23.887,CREDIT,2024-06-08T02:11:46
SYS000626,57.728,CREDIT,2024-05-02T02:11:46
SYS000627,93.251,DEBIT,2025-01-07T02:11:46
SYS000628,48.237,CREDIT,2024-09-10T02:11:46
SYS000629,40.633,DEBIT,2025-02-02T02:11:46
SYS000630,53.582,CREDIT,2024-09-02T02:11:46
SYS000631,99.863,DEBIT,2024-04-08T02:11:46
SYS000632,96.701,DEBIT,2024-04-02T02:11:46
SYS000633,74.160,CREDIT,2024-08-08T02:11:46
SYS000634,25.860,DEBIT,2025-02-05T02:11:46
SYS000635,15.565,DEBIT,2024-08-04T02:11:46
SYS000636,12.825,DEBIT,2024-05-01T02:11:46
SYS000637,85.102,DEBIT,2025-02-05T02:11:46
SYS000638,34.377,CREDIT,2024-11-01T02:11:46
SYS000639,77.462,DEBIT,2024-12-10T02:11:46
SYS000640,22.995,DEBIT,2024-11-01T02:11:46
SYS000641,1.318,CREDIT,2024-05-10T02:11:46
SYS000642,63.401,CREDIT,2024-07-07T02:11:46
SYS000643,13.460,CREDIT,2024-09-04T02:11:46
SYS000644,9.341,DEBIT,2024-05-10T02:11:46
SYS000645,99.686,CREDIT,2024-10-02T02:11:46
SYS000646,2.020,CREDIT,2024-11-03T02:11:46
SYS000647,90.842,CREDIT,2024-09-05T02:11:46
SYS000648,29.639,DEBIT,2025-03-08T02:11:46
SYS000649,80.515,CREDIT,2024-09-10T02:11:46
SYS000650,54.349,DEBIT,2024-05-02T02:11:46
SYS000651,29.348,CREDIT,2024-10-04T02:11:46
SYS000652,61.651,DEBIT,2024-11-10T02:11:46
SYS000653,60.595,DEBIT,2024-11-10T02:11:46
SYS000654,6.074,DEBIT,2024-05-07T02:11:46
SYS000655,60.505,DEBIT,2024-06-05T02:11:46
SYS000656,68.667,CREDIT,2025-02-05T02:11:46
SYS000657,7.773,DEBIT,2024-10-04T02:11:46
SYS000658,86.028,DEBIT,2025-02-06T02:11:46
SYS000659,78.615,DEBIT,2024-06-01T02:11:46
SYS000660,56.638,DEBIT,2024-05-09T02:11:46
SYS000661,57.437,DEBIT,2025-03-04T02:11:46
SYS000662,81.191,DEBIT,2025-01-06T02:11:46
SYS000663,83.851,CREDIT,2025-01-10T02:11:46
SYS000664,97.020,DEBIT,2024-04-02T02:11:46
SYS000665,80.895,DEBIT,2025-03-10T02:11:46
SYS000666,34.465,CREDIT,2025-03-06T02:11:46
SYS000667,71.998,CREDIT,2024-10-07T02:11:46
SYS000668,15.834,CREDIT,2024-07-05T02:11:46
SYS000669,57.210,CREDIT,2024-07-04T02:11:46
SYS000670,34.618,CREDIT,2024-12-07T02:11:46
SYS000671,89.857,CREDIT,2024-09-04T02:11:46
SYS000672,32.156,DEBIT,2024-10-03T02:11:46
SYS000673,20.631,DEBIT,2025-01-01T02:11:46
SYS000674,48.584,CREDIT,2024-11-09T02:11:46
SYS000675,99.699,DEBIT,2024-12-04T02:11:46
SYS000676,56.184,DEBIT,2025-02-07T02:11:46
SYS000677,16.610,CREDIT,2025-02-03T02:11:46
SYS000678,74.914,CREDIT,2025-03-07T02:11:46
SYS000679,23.096,CREDIT,2024-04-02T02:11:46
SYS000680,28.689,DEBIT,2024-04-04T02:11:46
SYS000681,12.981,DEBIT,2024-08-07T02:11:46
SYS000682,56.177,DEBIT,2024-12-06T02:11:46
SYS000683,52.368,CREDIT,2025-01-06T02:11:46
SYS000684,27.790,CREDIT,2024-09-01T02:11:46
SYS000685,89.994,DEBIT,2025-03-08T02:11:46
SYS000686,31.512,DEBIT,2024-04-05T02:11:46
SYS000687,7.632,DEBIT,2024-09-07T02:11:46
SYS000688,55.399,DEBIT,2025-03-06T02:11:46
SYS000689,72.659,CREDIT,2024-08-02T02:11:46
SYS000690,87.930,DEBIT,2025-02-02T02:11:46
SYS000691,85.799,CREDIT,2024-12-06T02:11:46
SYS000692,56.801,DEBIT,2024-10-04T02:11:46
SYS000693,62.852,DEBIT,2024-04-07T02:11:46
SYS000694,52.581,DEBIT,2024-07-03T02:11:46
SYS000695,50.514,CREDIT,2024-07-10T02:11:46
SYS000696,29.081,CREDIT,2024-12-05T02:11:46
SYS000697,34.083,DEBIT,2024-07-01T02:11:46
SYS000698,32.776,CREDIT,2024-12-05T02:11:46
SYS000699,22.258,DEBIT,2024-04-05T02:11:46
SYS000700,90.872,DEBIT,2025-02-06T02:11:46
SYS000701,52.768,DEBIT,2024-06-03T02:11:46
SYS000702,61.166,CREDIT,2025-02-01T02:11:46
SYS000703,4.210,CREDIT,2024-08-10T02:11:46
SYS000704,36.271,DEBIT,2024-08-10T02:11:46
SYS000705,22.001,CREDIT,2024-05-04T02:11:46
SYS000706,85.242,DEBIT,2024-12-09T02:11:46
SYS000707,74.463,CREDIT,2025-03-05T02:11:46
SYS000708,43.209,CREDIT,2024-10-06T02:11:46
SYS000709,30.415,DEBIT,2024-04-01T02:11:46
SYS000710,95.092,CREDIT,2024-06-07T02:11:46
SYS000711,24.928,DEBIT,2025-02-08T02:11:46
SYS000712,81.427,DEBIT,2025-03-04T02:11:46
SYS000713,0.735,CREDIT,2024-10-08T02:11:46
SYS000714,38.524,DEBIT,2024-09-05T02:11:46
SYS000715,97.790,CREDIT,2025-01-02T02:11:46
SYS000716,19.127,CREDIT,2024-07-05T02:11:46
SYS000717,89.986,CREDIT,2024-10-02T02:11:46
SYS000718,65.320,DEBIT,2024-10-02T02:11:46
SYS000719,97.522,DEBIT,2024-04-09T02:11:46
SYS000720,12.223,DEBIT,2024-06-01T02:11:46
SYS000721,69.612,DEBIT,2024-11-01T02:11:46
SYS000722,6.589,CREDIT,2024-09-04T02:11:46
SYS000723,90.720,DEBIT,2025-03-09T02:11:46
SYS000724,36.950,CREDIT,2024-10-05T02:11:46
SYS000725,37.915,DEBIT,2025-03-04T02:11:46
SYS000726,9.050,CREDIT,2024-10-01T02:11:46
SYS000727,17.130,CREDIT,2025-01-04T02:11:46
SYS000728,17.563,CREDIT,2024-09-10T02:11:46
SYS000729,87.741,DEBIT,2024-08-09T02:11:46
SYS000730,27.684,CREDIT,2024-10-01T02:11:46
SYS000731,44.110,CREDIT,2024-08-05T02:11:46
SYS000732,79.796,CREDIT,2024-11-02T02:11:46
SYS000733,82.790,DEBIT,2025-02-04T02:11:46
SYS000734,39.560,CREDIT,2024-06-03T02:11:46
SYS000735,74.870,DEBIT,2024-11-06T02:11:46
SYS000736,14.019,DEBIT,2024-06-01T02:11:46
SYS000737,48.862,CREDIT,2024-05-08T02:11:46
SYS000738,65.377,DEBIT,2025-03-08T02:11:46
SYS000739,44.081,CREDIT,2024-09-06T02:11:46
SYS000740,88.070,CREDIT,2025-01-10T02:11:46
SYS000741,67.680,CREDIT,2024-11-04T02:11:46
SYS000742,28.232,DEBIT,2024-07-03T02:11:46
SYS000743,47.244,CREDIT,2024-11-02T02:11:46
SYS000744,32.214,CREDIT,2025-02-02T02:11:46
SYS000745,52.552,CREDIT,2024-07-03T02:11:46
SYS000746,56.924,CREDIT,2025-01-10T02:11:46
SYS000747,97.088,CREDIT,2024-12-05T02:11:46
SYS000748,49.470,DEBIT,2025-01-07T02:11:46
SYS000749,45.437,CREDIT,2024-05-07T02:11:46
SYS000750,4.687,DEBIT,2024-06-09T02:11:46
SYS000751,92.330,DEBIT,2025-02-05T02:11:46
SYS000752,31.737,CREDIT,2024-12-07T02:11:46
SYS000753,51.173,DEBIT,2024-04-06T02:11:46
SYS000754,58.022,CREDIT,2024-04-08T02:11:46
SYS000755,49.011,DEBIT,2024-05-04T02:11:46
SYS000756,71.917,CREDIT,2024-05-02T02:11:46
SYS000757,65.555,CREDIT,2024-08-07T02:11:46
SYS000758,96.764,DEBIT,2024-06-02T02:11:46
SYS000759,65.371,CREDIT,2024-05-02T02:11:46
SYS000760,95.276,DEBIT,2024-10-01T02:11:46
SYS000761,86.952,DEBIT,2024-06-02T02:11:46
SYS000762,37.065,DEBIT,2024-05-10T02:11:46
SYS000763,68.661,DEBIT,2024-06-03T02:11:46
SYS000764,68.062,CREDIT,2025-03-05T02:11:46
SYS000765,67.197,CREDIT,2024-07-04T02:11:46
SYS000766,59.024,CREDIT,2024-11-03T02:11:46
SYS000767,16.475,DEBIT,2024-09-10T02:11:46
SYS000768,1.565,CREDIT,2024-11-04T02:11:46
SYS000769,64.885,DEBIT,2024-10-08T02:11:46
SYS000770,84.874,DEBIT,2025-01-04T02:11:46
SYS000771,22.204,CREDIT,2024-09-07T02:11:46
SYS000772,58.181,CREDIT,2024-07-03T02:11:46
SYS000773,22.775,CREDIT,2025-03-01T02:11:46
SYS000774,90.615,DEBIT,2024-09-08T02:11:46
SYS000775,87.505,DEBIT,2024-04-03T02:11:46
SYS000776,64.166,CREDIT,2024-12-10T02:11:46
SYS000777,99.612,CREDIT,2024-05-02T02:11:46
SYS000778,68.674,DEBIT,2024-08-01T02:11:46
SYS000779,52.307,DEBIT,2025-01-08T02:11:46
SYS000780,32.343,CREDIT,2024-04-04T02:11:46
SYS000781,74.482,CREDIT,2024-06-04T02:11:46
SYS000782,8.184,DEBIT,2024-11-06T02:11:46
SYS000783,41.264,DEBIT,2025-01-08T02:11:46
SYS000784,3.894,DEBIT,2025-02-04T02:11:46
SYS000785,90.591,DEBIT,2024-11-05T02:11:46
SYS000786,61.782,CREDIT,2025-01-10T02:11:46
SYS000787,53.273,CREDIT,2024-11-09T02:11:46
SYS000788,88.835,CREDIT,2024-04-02T02:11:46
SYS000789,90.915,CREDIT,2024-07-07T02:11:46
SYS000790,61.715,CREDIT,2024-12-04T02:11:46
SYS000791,48.173,CREDIT,2024-06-01T02:11:46
SYS000792,96.359,CREDIT,2024-11-08T02:11:46
SYS000793,37.026,DEBIT,2024-11-02T02:11:46
SYS000794,9.418,CREDIT,2024-06-01T02:11:46
SYS000795,65.338,DEBIT,2025-01-10T02:11:46
SYS000796,6.487,DEBIT,2024-11-09T02:11:46
SYS000797,47.650,CREDIT,2024-05-04T02:11:46
SYS000798,89.415,CREDIT,2024-07-02T02:11:46
SYS000799,32.744,CREDIT,2024-08-02T02:11:46
SYS000800,3.136,CREDIT,2024-08-10T02:11:46
SYS000801,89.737,DEBIT,2025-01-05T02:11:46
SYS000802,99.478,DEBIT,2024-11-06T02:11:46
SYS000803,30.203,DEBIT,2024-09-03T02:11:46
SYS000804,51.699,DEBIT,2024-10-07T02:11:46
SYS000805,30.316,DEBIT,2025-02-01T02:11:46
SYS000806,74.339,DEBIT,2024-10-03T02:11:46
SYS000807,94.704,CREDIT,2024-07-10T02:11:46
SYS000808,93.497,CREDIT,2024-07-09T02:11:46
SYS000809,47.571,CREDIT,2025-03-10T02:11:46
SYS000810,22.504,CREDIT,2025-02-01T02:11:46
SYS000811,38.127,DEBIT,2025-01-08T02:11:46
SYS000812,4.034,DEBIT,2024-10-09T02:11:46
SYS000813,68.129,DEBIT,2025-02-05T02:11:46
SYS000814,41.817,CREDIT,2024-05-08T02:11:46
SYS000815,89.280,CREDIT,2024-06-03T02:11:46
SYS000816,59.106,CREDIT,2024-11-08T02:11:46
SYS000817,48.420,CREDIT,2025-03-02T02:11:46
SYS000818,32.977,DEBIT,2025-03-09T02:11:46
SYS000819,50.306,CREDIT,2024-10-07T02:11:46
SYS000820,25.665,DEBIT,2024-05-05T02:11:46
SYS000821,88.224,CREDIT,2025-01-03T02:11:46
SYS000822,50.215,CREDIT,2024-12-08T02:11:46
SYS000823,39.001,DEBIT,2024-08-07T02:11:46
SYS000824,15.751,DEBIT,2024-05-01T02:11:46
SYS000825,86.268,DEBIT,2024-12-06T02:11:46
SYS000826,8.021,CREDIT,2024-05-08T02:11:46
SYS000827,8.803,CREDIT,2024-10-06T02:11:46
SYS000828,80.100,CREDIT,2024-05-07T02:11:46
SYS000829,57.316,CREDIT,2025-03-07T02:11:46
SYS000830,58.162,DEBIT,2024-12-06T02:11:46
SYS000831,35.780,CREDIT,2024-08-08T02:11:46
SYS000832,77.666,CREDIT,2024-09-08T02:11:46
SYS000833,94.009,DEBIT,2024-04-10T02:11:46
SYS000834,32.147,CREDIT,2024-10-02T02:11:46
SYS000835,0.641,DEBIT,2024-12-03T02:11:46
SYS000836,38.170,CREDIT,2024-09-07T02:11:46
SYS000837,19.904,DEBIT,2024-11-06T02:11:46
SYS000838,95.733,CREDIT,2024-12-10T02:11:46
SYS000839,44.343,CREDIT,2025-01-05T02:11:46
SYS000840,76.292,DEBIT,2024-05-06T02:11:46
SYS000841,15.806,DEBIT,2024-09-02T02:11:46
SYS000842,49.831,CREDIT,2024-10-09T02:11:46
SYS000843,3.459,DEBIT,2024-12-08T02:11:46
SYS000844,14.501,DEBIT,2024-11-08T02:11:46
SYS000845,0.812,DEBIT,2024-05-07T02:11:46
SYS000846,0.721,DEBIT,2024-04-01T02:11:46
SYS000847,71.624,CREDIT,2024-07-07T02:11:46
SYS000848,56.005,CREDIT,2025-01-10T02:11:46
SYS000849,77.777,CREDIT,2024-08-09T02:11:46
SYS000850,28.098,CREDIT,2025-03-05T02:11:46
SYS000851,55.537,DEBIT,2024-07-06T02:11:46
SYS000852,45.139,CREDIT,2024-12-01T02:11:46
SYS000853,82.197,DEBIT,2024-07-03T02:11:46
SYS000854,57.331,DEBIT,2025-01-09T02:11:46
SYS000855,10.318,DEBIT,2024-08-01T02:11:46
SYS000856,25.496,CREDIT,2025-01-09T02:11:46
SYS000857,37.363,CREDIT,2024-06-01T02:11:46
SYS000858,36.889,CREDIT,2024-08-10T02:11:46
SYS000859,8.760,CREDIT,2024-10-09T02:11:46
SYS000860,74.961,DEBIT,2024-11-08T02:11:46
SYS000861,85.451,DEBIT,2024-12-06T02:11:46
SYS000862,57.561,DEBIT,2024-04-05T02:11:46
SYS000863,22.061,DEBIT,2024-04-07T02:11:46
SYS000864,52.218,DEBIT,2024-04-08T02:11:46
SYS000865,7.946,CREDIT,2025-01-09T02:11:46
SYS000866,73.036,DEBIT,2024-06-05T02:11:46
SYS000867,21.683,DEBIT,2024-10-02T02:11:46
SYS000868,41.208,DEBIT,2024-08-05T02:11:46
SYS000869,76.463,DEBIT,2024-04-08T02:11:46
SYS000870,17.233,CREDIT,2024-08-09T02:11:46
SYS000871,58.818,CREDIT,2024-09-04T02:11:46
SYS000872,56.643,DEBIT,2024-08-02T02:11:46
SYS000873,24.896,CREDIT,2024-11-01T02:11:46
SYS000874,70.511,DEBIT,2024-06-01T02:11:46
SYS000875,26.695,DEBIT,2024-05-04T02:11:46
SYS000876,78.391,CREDIT,2024-11-05T02:11:46
SYS000877,55.432,DEBIT,2025-03-03T02:11:46
SYS000878,24.333,CREDIT,2024-06-03T02:11:46
SYS000879,6.636,DEBIT,2024-06-01T02:11:46
SYS000880,57.285,DEBIT,2024-08-09T02:11:46
SYS000881,91.816,DEBIT,2025-02-09T02:11:46
SYS000882,64.890,DEBIT,2024-06-02T02:11:46
SYS000883,17.422,CREDIT,2024-11-07T02:11:46
SYS000884,30.992,CREDIT,2025-01-03T02:11:46
SYS000885,17.745,CREDIT,2024-09-03T02:11:46
SYS000886,84.715,CREDIT,2024-10-03T02:11:46
SYS000887,20.223,CREDIT,2024-05-04T02:11:46
SYS000888,57.822,CREDIT,2024-09-03T02:11:46
SYS000889,17.989,DEBIT,2024-05-09T02:11:46
SYS000890,52.146,DEBIT,2025-02-10T02:11:46
SYS000891,32.864,DEBIT,2024-08-08T02:11:46
SYS000892,4.309,CREDIT,2024-09-03T02:11:46
SYS000893,63.267,CREDIT,2024-06-09T02:11:46
SYS000894,77.521,CREDIT,2024-09-02T02:11:46
SYS000895,48.716,CREDIT,2025-02-10T02:11:46
SYS000896,62.949,CREDIT,2024-05-09T02:11:46
SYS000897,16.589,CREDIT,2024-06-03T02:11:46
SYS000898,33.902,DEBIT,2024-07-06T02:11:46
SYS000899,23.491,DEBIT,2025-03-05T02:11:46
SYS000900,55.761,DEBIT,2024-09-05T02:11:46
SYS000901,25.373,DEBIT,2025-02-08T02:11:46
SYS000902,39.963,DEBIT,2024-12-07T02:11:46
SYS000903,98.434,CREDIT,2024-09-04T02:11:46
SYS000904,29.054,CREDIT,2024-07-07T02:11:46
SYS000905,90.170,DEBIT,2024-09-04T02:11:46
SYS000906,98.942,DEBIT,2024-04-09T02:11:46
SYS000907,56.535,CREDIT,2024-10-06T02:11:46
SYS000908,90.370,DEBIT,2024-12-02T02:11:46
SYS000909,52.280,DEBIT,2024-06-10T02:11:46
SYS000910,91.592,CREDIT,2025-03-02T02:11:46
SYS000911,44.571,DEBIT,2024-09-02T02:11:46
SYS000912,65.363,DEBIT,2024-06-04T02:11:46
SYS000913,14.465,DEBIT,2024-08-06T02:11:46
SYS000914,95.652,CREDIT,2024-07-01T02:11:46
SYS000915,10.809,CREDIT,2024-07-06T02:11:46
SYS000916,81.913,DEBIT,2024-07-03T02:11:46
SYS000917,42.610,CREDIT,2024-12-03T02:11:46
SYS000918,71.980,CREDIT,2024-07-05T02:11:46
SYS000919,84.778,DEBIT,2024-05-01T02:11:46
SYS000920,14.047,DEBIT,2025-03-09T02:11:46
SYS000921,18.894,DEBIT,2024-07-10T02:11:46
SYS000922,76.052,CREDIT,2024-08-09T02:11:46
SYS000923,3.738,DEBIT,2025-03-03T02:11:46
SYS000924,14.711,CREDIT,2024-08-02T02:11:46
SYS000925,46.886,DEBIT,2024-06-02T02:11:46
SYS000926,31.619,CREDIT,2024-09-06T02:11:46
SYS000927,72.019,DEBIT,2024-08-06T02:11:46
SYS000928,67.199,DEBIT,2024-07-05T02:11:46
SYS000929,83.557,DEBIT,2024-05-04T02:11:46
SYS000930,30.329,CREDIT,2024-08-07T02:11:46
SYS000931,60.749,DEBIT,2024-11-07T02:11:46
SYS000932,66.225,DEBIT,2025-02-09T02:11:46
SYS000933,89.409,DEBIT,2025-03-05T02:11:46
SYS000934,9.015,DEBIT,2024-06-05T02:11:46
SYS000935,53.752,CREDIT,2024-08-09T02:11:46
SYS000936,83.675,CREDIT,2024-12-08T02:11:46
SYS000937,60.275,CREDIT,2024-09-02T02:11:46
SYS000938,56.881,CREDIT,2024-08-09T02:11:46
SYS000939,14.195,CREDIT,2024-12-09T02:11:46
SYS000940,96.019,CREDIT,2025-03-10T02:11:46
SYS000941,36.439,CREDIT,2024-07-01T02:11:46
SYS000942,58.381,DEBIT,2024-09-10T02:11:46
SYS000943,62.443,CREDIT,2024-07-09T02:11:46
SYS000944,58.716,CREDIT,2024-07-06T02:11:46
SYS000945,20.971,DEBIT,2025-03-09T02:11:46
SYS000946,96.125,DEBIT,2024-05-05T02:11:46
SYS000947,51.897,CREDIT,2024-10-03T02:11:46
SYS000948,53.249,CREDIT,2024-09-04T02:11:46
SYS000949,59.926,CREDIT,2025-02-04T02:11:46
SYS000950,91.371,DEBIT,2024-10-10T02:11:46
SYS000951,74.171,CREDIT,2024-07-01T02:11:46
SYS000952,67.346,CREDIT,2025-02-04T02:11:46
SYS000953,9.765,CREDIT,2025-03-02T02:11:46
SYS000954,29.719,DEBIT,2025-03-08T02:11:46
SYS000955,28.123,CREDIT,2024-07-08T02:11:46
SYS000956,56.271,CREDIT,2024-09-03T02:11:46
SYS000957,3.985,CREDIT,2024-04-06T02:11:46
SYS000958,30.226,CREDIT,2024-06-04T02:11:46
SYS000959,16.924,CREDIT,2024-05-02T02:11:46
SYS000960,7.696,DEBIT,2024-11-02T02:11:46
SYS000961,19.055,DEBIT,2024-10-06T02:11:46
SYS000962,21.142,DEBIT,2025-02-08T02:11:46
SYS000963,9.143,DEBIT,2024-08-02T02:11:46
SYS000964,55.930,DEBIT,2024-04-07T02:11:46
SYS000965,19.620,CREDIT,2024-06-02T02:11:46
SYS000966,13.622,DEBIT,2024-11-04T02:11:46
SYS000967,37.394,DEBIT,2024-05-03T02:11:46
SYS000968,53.182,DEBIT,2024-09-09T02:11:46
SYS000969,59.926,CREDIT,2024-10-04T02:11:46
SYS000970,74.433,CREDIT,2025-03-04T02:11:46
SYS000971,0.229,CREDIT,2024-12-03T02:11:46
SYS000972,30.318,CREDIT,2024-09-10T02:11:46
SYS000973,68.929,CREDIT,2025-03-09T02:11:46
SYS000974,71.201,DEBIT,2024-12-08T02:11:46
SYS000975,7.381,DEBIT,2024-12-02T02:11:46
SYS000976,4.529,CREDIT,2024-09-09T02:11:46
SYS000977,63.721,DEBIT,2024-09-07T02:11:46
SYS000978,14.811,CREDIT,2024-06-06T02:11:46
SYS000979,57.467,DEBIT,2024-11-04T02:11:46
SYS000980,48.519,DEBIT,2025-01-08T02:11:46
SYS000981,66.954,DEBIT,2024-08-10T02:11:46
SYS000982,85.235,DEBIT,2025-02-09T02:11:46
SYS000983,70.554,DEBIT,2024-11-02T02:11:46
SYS000984,34.941,CREDIT,2024-08-05T02:11:46
SYS000985,52.797,CREDIT,2025-03-06T02:11:46
SYS000986,17.908,DEBIT,2025-03-01T02:11:46
SYS000987,53.357,DEBIT,2024-08-07T02:11:46
SYS000988,50.381,DEBIT,2024-11-06T02:11:46
SYS000989,98.956,CREDIT,2024-05-03T02:11:46
SYS000990,31.899,CREDIT,2025-01-08T02:11:46
SYS000991,25.805,CREDIT,2025-01-10T02:11:46
SYS000992,37.962,CREDIT,2025-03-03T02:11:46
SYS000993,80.153,CREDIT,2025-03-09T02:11:46
SYS000994,14.043,DEBIT,2025-03-07T02:11:46
SYS000995,13.386,CREDIT,2025-01-04T02:11:46
SYS000996,71.955,CREDIT,2025-03-03T02:11:46
SYS000997,58.927,CREDIT,2024-10-03T02:11:46
SYS000998,55.603,DEBIT,2024-07-04T02:11:46
SYS000999,3.005,CREDIT,2024-04-01T02:11:46
SYS001000,86.462,DEBIT,2025-03-04T02:11:46
